{"cameraMode":{"drawMode":0,"name":"Shaded","section":"Shading Mode"},"sceneLighting":true,"audioPlay":false,"sceneViewState":{"showFog":true,"showMaterialUpdate":false,"showSkybox":true,"showFlares":true,"showImageEffects":true,"showParticleSystems":true},"in2DMode":false,"pivot":{"x":7.137374401092529,"y":9.3938627243042,"z":-1.0882089138031006},"rotation":{"x":0.45478594303131106,"y":-0.07598145306110382,"z":0.038981400430202487,"w":0.8865076303482056},"size":22.0,"orthographic":false}