{"cameraMode":{"drawMode":0,"name":"Shaded","section":"Shading Mode"},"sceneLighting":false,"audioPlay":false,"sceneViewState":{"showFog":true,"showMaterialUpdate":false,"showSkybox":false,"showFlares":true,"showImageEffects":true,"showParticleSystems":true},"in2DMode":false,"pivot":{"x":1.1171735525131226,"y":-4.23985481262207,"z":-1.987699031829834},"rotation":{"x":0.2466762363910675,"y":-0.6672727465629578,"z":0.2507070302963257,"w":0.6565479040145874},"size":20.20829200744629,"orthographic":false}